[with-lock] 已获得锁 gpu，开始执行: bash bench/m0/run_grpo.sh
/home/zcz/tools/venvs/rheo/lib/python3.12/site-packages/verl/workers/engine/mindspeed/transformer_impl.py:24: UserWarning: NPU not support router replay for now.
  from verl.utils.megatron.router_replay_patch import RouterReplay
/home/zcz/tools/venvs/rheo/lib/python3.12/site-packages/verl/trainer/main_ppo.py:380: FutureWarning: Warning: Function '__main__.main' is deprecated. Please use 'main_ppo.py is deprecated, and wil be replaced by main_ppo_sync.py in v0.8.0, please use main_ppo_sync.py instead.' instead.
  main()
2026-09-29 11:06:48,275	INFO worker.py:2015 -- Started a local Ray instance. View the dashboard at [1m[32mhttp://127.0.0.1:8265 [39m[22m
[36m(pid=18876)[0m /home/zcz/tools/venvs/rheo/lib/python3.12/site-packages/verl/workers/engine/mindspeed/transformer_impl.py:24: UserWarning: NPU not support router replay for now.
[36m(pid=18876)[0m   from verl.utils.megatron.router_replay_patch import RouterReplay
ray init kwargs: {'num_cpus': None, 'runtime_env': {'env_vars': {'NCCL_DEBUG': 'WARN', 'VLLM_ALLOW_RUNTIME_LORA_UPDATING': 'true', 'CUDA_DEVICE_MAX_CONNECTIONS': '1', 'VLLM_DISABLE_COMPILE_CACHE': '1', 'HCCL_HOST_SOCKET_PORT_RANGE': 'auto', 'HCCL_NPU_SOCKET_PORT_RANGE': 'auto', 'HSA_NO_SCRATCH_RECLAIM': '1'}, 'working_dir': None}}
[36m(TaskRunner pid=18876)[0m TaskRunner hostname: CanNotHurtMe, PID: 18876
[36m(TaskRunner pid=18876)[0m {'actor_rollout_ref': {'actor': {'_target_': 'verl.workers.config.FSDPActorConfig',
[36m(TaskRunner pid=18876)[0m                                  'calculate_entropy': False,
[36m(TaskRunner pid=18876)[0m                                  'calculate_sum_pi_squared': False,
[36m(TaskRunner pid=18876)[0m                                  'checkpoint': {'_target_': 'verl.trainer.config.CheckpointConfig',
[36m(TaskRunner pid=18876)[0m                                                 'async_save': False,
[36m(TaskRunner pid=18876)[0m                                                 'load_contents': ['model',
[36m(TaskRunner pid=18876)[0m                                                                   'optimizer',
[36m(TaskRunner pid=18876)[0m                                                                   'extra'],
[36m(TaskRunner pid=18876)[0m                                                 'mbridge_config': {},
[36m(TaskRunner pid=18876)[0m                                                 'save_contents': ['model',
[36m(TaskRunner pid=18876)[0m                                                                   'optimizer',
[36m(TaskRunner pid=18876)[0m                                                                   'extra'],
[36m(TaskRunner pid=18876)[0m                                                 'strict': True},
[36m(TaskRunner pid=18876)[0m                                  'clip_ratio': 0.2,
[36m(TaskRunner pid=18876)[0m                                  'clip_ratio_c': 3.0,
[36m(TaskRunner pid=18876)[0m                                  'clip_ratio_high': 0.2,
[36m(TaskRunner pid=18876)[0m                                  'clip_ratio_low': 0.2,
[36m(TaskRunner pid=18876)[0m                                  'data_loader_seed': 42,
[36m(TaskRunner pid=18876)[0m                                  'entropy_checkpointing': False,
[36m(TaskRunner pid=18876)[0m                                  'entropy_coeff': 0,
[36m(TaskRunner pid=18876)[0m                                  'entropy_from_logits_with_chunking': False,
[36m(TaskRunner pid=18876)[0m                                  'freeze_vision_tower': False,
[36m(TaskRunner pid=18876)[0m                                  'fsdp_config': {'_target_': 'verl.workers.config.FSDPEngineConfig',
[36m(TaskRunner pid=18876)[0m                                                  'dtype': 'bfloat16',
[36m(TaskRunner pid=18876)[0m                                                  'entropy_checkpointing': False,
[36m(TaskRunner pid=18876)[0m                                                  'entropy_from_logits_with_chunking': False,
[36m(TaskRunner pid=18876)[0m                                                  'forward_only': False,
[36m(TaskRunner pid=18876)[0m                                                  'forward_prefetch': False,
[36m(TaskRunner pid=18876)[0m                                                  'fsdp_size': -1,
[36m(TaskRunner pid=18876)[0m                                                  'full_determinism': False,
[36m(TaskRunner pid=18876)[0m                                                  'model_dtype': 'fp32',
[36m(TaskRunner pid=18876)[0m                                                  'offload_policy': False,
[36m(TaskRunner pid=18876)[0m                                                  'optimizer_offload': True,
[36m(TaskRunner pid=18876)[0m                                                  'param_offload': True,
[36m(TaskRunner pid=18876)[0m                                                  'qat': {'_target_': 'verl.workers.config.QATEngineConfig',
[36m(TaskRunner pid=18876)[0m                                                          'activation_observer': 'static_minmax',
[36m(TaskRunner pid=18876)[0m                                                          'enable': False,
[36m(TaskRunner pid=18876)[0m                                                          'group_size': 16,
[36m(TaskRunner pid=18876)[0m                                                          'ignore_patterns': ['lm_head',
[36m(TaskRunner pid=18876)[0m                                                                              'embed_tokens',
[36m(TaskRunner pid=18876)[0m                                                                              're:.*mlp.gate$'],
[36m(TaskRunner pid=18876)[0m                                                          'mode': 'w4a16',
[36m(TaskRunner pid=18876)[0m                                                          'quantization_config_path': None},
[36m(TaskRunner pid=18876)[0m                                                  'reshard_after_forward': True,
[36m(TaskRunner pid=18876)[0m                                                  'seed': 42,
[36m(TaskRunner pid=18876)[0m                                                  'strategy': 'fsdp',
[36m(TaskRunner pid=18876)[0m                                                  'ulysses_sequence_parallel_size': 1,
[36m(TaskRunner pid=18876)[0m                                                  'use_orig_params': False,
[36m(TaskRunner pid=18876)[0m                                                  'use_torch_compile': True,
[36m(TaskRunner pid=18876)[0m                                                  'wrap_policy': {'min_num_params': 0}},
[36m(TaskRunner pid=18876)[0m                                  'grad_clip': 1.0,
[36m(TaskRunner pid=18876)[0m                                  'kl_loss_coef': 0.001,
[36m(TaskRunner pid=18876)[0m                                  'kl_loss_type': 'low_var_kl',
[36m(TaskRunner pid=18876)[0m                                  'loss_agg_mode': 'token-mean',
[36m(TaskRunner pid=18876)[0m                                  'loss_scale_factor': None,
[36m(TaskRunner pid=18876)[0m                                  'optim': {'_target_': 'verl.workers.config.FSDPOptimizerConfig',
[36m(TaskRunner pid=18876)[0m                                            'betas': [0.9, 0.999],
[36m(TaskRunner pid=18876)[0m                                            'clip_grad': 1.0,
[36m(TaskRunner pid=18876)[0m                                            'lr': 0.0001,
[36m(TaskRunner pid=18876)[0m                                            'lr_scheduler_type': 'constant',
[36m(TaskRunner pid=18876)[0m                                            'lr_warmup_steps': -1,
[36m(TaskRunner pid=18876)[0m                                            'lr_warmup_steps_ratio': 0.0,
[36m(TaskRunner pid=18876)[0m                                            'min_lr_ratio': 0.0,
[36m(TaskRunner pid=18876)[0m                                            'num_cycles': 0.5,
[36m(TaskRunner pid=18876)[0m                                            'optimizer': 'AdamW8bit',
[36m(TaskRunner pid=18876)[0m                                            'optimizer_impl': 'bitsandbytes.optim',
[36m(TaskRunner pid=18876)[0m                                            'override_optimizer_config': None,
[36m(TaskRunner pid=18876)[0m                                            'total_training_steps': -1,
[36m(TaskRunner pid=18876)[0m                                            'warmup_style': None,
[36m(TaskRunner pid=18876)[0m                                            'weight_decay': 0.01,
[36m(TaskRunner pid=18876)[0m                                            'zero_indexed_step': True},
[36m(TaskRunner pid=18876)[0m                                  'policy_loss': {'_target_': 'verl.workers.config.PolicyLossConfig',
[36m(TaskRunner pid=18876)[0m                                                  'clip_cov_lb': 1.0,
[36m(TaskRunner pid=18876)[0m                                                  'clip_cov_ratio': 0.0002,
[36m(TaskRunner pid=18876)[0m                                                  'clip_cov_ub': 5.0,
[36m(TaskRunner pid=18876)[0m                                                  'kl_cov_ratio': 0.0002,
[36m(TaskRunner pid=18876)[0m                                                  'loss_mode': 'vanilla',
[36m(TaskRunner pid=18876)[0m                                                  'ppo_kl_coef': 0.1},
[36m(TaskRunner pid=18876)[0m                                  'ppo_epochs': 1,
[36m(TaskRunner pid=18876)[0m                                  'ppo_max_token_len_per_gpu': 16384,
[36m(TaskRunner pid=18876)[0m                                  'ppo_micro_batch_size': None,
[36m(TaskRunner pid=18876)[0m                                  'ppo_micro_batch_size_per_gpu': 8,
[36m(TaskRunner pid=18876)[0m                                  'ppo_mini_batch_size': 8,
[36m(TaskRunner pid=18876)[0m                                  'profiler': {'_target_': 'verl.utils.profiler.ProfilerConfig',
[36m(TaskRunner pid=18876)[0m                                               'all_ranks': False,
[36m(TaskRunner pid=18876)[0m                                               'enable': False,
[36m(TaskRunner pid=18876)[0m                                               'ranks': [],
[36m(TaskRunner pid=18876)[0m                                               'save_path': 'outputs/profile',
[36m(TaskRunner pid=18876)[0m                                               'tool': None,
[36m(TaskRunner pid=18876)[0m                                               'tool_config': {'npu': {'_target_': 'verl.utils.profiler.config.NPUToolConfig',
[36m(TaskRunner pid=18876)[0m                                                                       'analysis': True,
[36m(TaskRunner pid=18876)[0m                                                                       'contents': [],
[36m(TaskRunner pid=18876)[0m                                                                       'discrete': False,
[36m(TaskRunner pid=18876)[0m                                                                       'level': 'level0'},
[36m(TaskRunner pid=18876)[0m                                                               'nsys': {'_target_': 'verl.utils.profiler.config.NsightToolConfig',
[36m(TaskRunner pid=18876)[0m                                                                        'discrete': False},
[36m(TaskRunner pid=18876)[0m                                                               'precision_debugger': {'_target_': 'verl.utils.profiler.config.PrecisionDebuggerToolConfig',
[36m(TaskRunner pid=18876)[0m                                                                                      'config_path': None,
[36m(TaskRunner pid=18876)[0m                                                                                      'stages': None,
[36m(TaskRunner pid=18876)[0m                                                                                      'steps': None,
[36m(TaskRunner pid=18876)[0m                                                                                      'strict': False},
[36m(TaskRunner pid=18876)[0m                                                               'torch': {'_target_': 'verl.utils.profiler.config.TorchProfilerToolConfig',
[36m(TaskRunner pid=18876)[0m                                                                         'contents': [],
[36m(TaskRunner pid=18876)[0m                                                                         'discrete': False},
[36m(TaskRunner pid=18876)[0m                                                               'torch_memory': {'_target_': 'verl.utils.profiler.config.TorchMemoryToolConfig',
[36m(TaskRunner pid=18876)[0m                                                                                'stack_depth': 32,
[36m(TaskRunner pid=18876)[0m                                                                                'trace_alloc_max_entries': 100000}}},
[36m(TaskRunner pid=18876)[0m                                  'qat': {'activation_observer': 'static_minmax',
[36m(TaskRunner pid=18876)[0m                                          'enable': False,
[36m(TaskRunner pid=18876)[0m                                          'group_size': 16,
[36m(TaskRunner pid=18876)[0m                                          'ignore_patterns': ['lm_head',
[36m(TaskRunner pid=18876)[0m                                                              'embed_tokens',
[36m(TaskRunner pid=18876)[0m                                                              're:.*mlp.gate$'],
[36m(TaskRunner pid=18876)[0m                                          'mode': 'w4a16',
[36m(TaskRunner pid=18876)[0m                                          'quantization_config_path': None},
[36m(TaskRunner pid=18876)[0m                                  'rollout_n': 8,
[36m(TaskRunner pid=18876)[0m                                  'router_replay': {'_target_': 'verl.workers.config.RouterReplayConfig',
[36m(TaskRunner pid=18876)[0m                                                    'mode': 'disabled',
[36m(TaskRunner pid=18876)[0m                                                    'record_file': None,
[36m(TaskRunner pid=18876)[0m                                                    'replay_file': None},
[36m(TaskRunner pid=18876)[0m                                  'shuffle': False,
[36m(TaskRunner pid=18876)[0m                                  'strategy': 'fsdp',
[36m(TaskRunner pid=18876)[0m                                  'tau_neg': 1.05,
[36m(TaskRunner pid=18876)[0m                                  'tau_pos': 1.0,
[36m(TaskRunner pid=18876)[0m                                  'ulysses_sequence_parallel_size': 1,
[36m(TaskRunner pid=18876)[0m                                  'use_dynamic_bsz': False,
[36m(TaskRunner pid=18876)[0m                                  'use_fused_kernels': False,
[36m(TaskRunner pid=18876)[0m                                  'use_kl_loss': False,
[36m(TaskRunner pid=18876)[0m                                  'use_prefix_grouper': False,
[36m(TaskRunner pid=18876)[0m                                  'use_remove_padding': True,
[36m(TaskRunner pid=18876)[0m                                  'use_torch_compile': True},
[36m(TaskRunner pid=18876)[0m                        'hybrid_engine': True,
[36m(TaskRunner pid=18876)[0m                        'model': {'_target_': 'verl.workers.config.HFModelConfig',
[36m(TaskRunner pid=18876)[0m                                  'custom_chat_template': None,
[36m(TaskRunner pid=18876)[0m                                  'enable_activation_offload': False,
[36m(TaskRunner pid=18876)[0m                                  'enable_gradient_checkpointing': True,
[36m(TaskRunner pid=18876)[0m                                  'exclude_modules': None,
[36m(TaskRunner pid=18876)[0m                                  'external_lib': None,
[36m(TaskRunner pid=18876)[0m                                  'fused_kernel_options': {'impl_backend': 'torch'},
[36m(TaskRunner pid=18876)[0m                                  'hf_config_path': None,
[36m(TaskRunner pid=18876)[0m                                  'lora': {'a2a_experimental': False,
[36m(TaskRunner pid=18876)[0m                                           'adapter_path': None,
[36m(TaskRunner pid=18876)[0m                                           'alpha': 32,
[36m(TaskRunner pid=18876)[0m                                           'dropout': 0.0,
[36m(TaskRunner pid=18876)[0m                                           'dropout_position': 'pre',
[36m(TaskRunner pid=18876)[0m                                           'dtype': None,
[36m(TaskRunner pid=18876)[0m                                           'exclude_modules': [],
[36m(TaskRunner pid=18876)[0m                                           'freeze_language_model': True,
[36m(TaskRunner pid=18876)[0m                                           'freeze_vision_model': True,
[36m(TaskRunner pid=18876)[0m                                           'freeze_vision_projection': True,
[36m(TaskRunner pid=18876)[0m                                           'lora_A_init_method': 'xavier',
[36m(TaskRunner pid=18876)[0m                                           'lora_B_init_method': 'zero',
[36m(TaskRunner pid=18876)[0m                                           'merge': True,
[36m(TaskRunner pid=18876)[0m                                           'rank': 0,
[36m(TaskRunner pid=18876)[0m                                           'target_modules': ['linear_qkv',
[36m(TaskRunner pid=18876)[0m                                                              'linear_proj',
[36m(TaskRunner pid=18876)[0m                                                              'linear_fc1',
[36m(TaskRunner pid=18876)[0m                                                              'linear_fc2'],
[36m(TaskRunner pid=18876)[0m                                           'type': 'lora'},
[36m(TaskRunner pid=18876)[0m                                  'lora_adapter_path': None,
[36m(TaskRunner pid=18876)[0m                                  'lora_alpha': 32,
[36m(TaskRunner pid=18876)[0m                                  'lora_rank': 16,
[36m(TaskRunner pid=18876)[0m                                  'mtp': {'_target_': 'verl.workers.config.MtpConfig',
[36m(TaskRunner pid=18876)[0m                                          'detach_encoder': False,
[36m(TaskRunner pid=18876)[0m                                          'enable': False,
[36m(TaskRunner pid=18876)[0m                                          'enable_rollout': False,
[36m(TaskRunner pid=18876)[0m                                          'enable_train': False,
[36m(TaskRunner pid=18876)[0m                                          'method': 'mtp',
[36m(TaskRunner pid=18876)[0m                                          'mtp_loss_scaling_factor': 0.1,
[36m(TaskRunner pid=18876)[0m                                          'num_speculative_tokens': 1,
[36m(TaskRunner pid=18876)[0m                                          'speculative_algorithm': 'EAGLE',
[36m(TaskRunner pid=18876)[0m                                          'speculative_eagle_topk': 1,
[36m(TaskRunner pid=18876)[0m                                          'speculative_num_draft_tokens': 4,
[36m(TaskRunner pid=18876)[0m                                          'speculative_num_steps': 3},
[36m(TaskRunner pid=18876)[0m                                  'override_config': {},
[36m(TaskRunner pid=18876)[0m                                  'path': '/home/zcz/models/Qwen2.5-1.5B-Instruct',
[36m(TaskRunner pid=18876)[0m                                  'target_modules': 'all-linear',
[36m(TaskRunner pid=18876)[0m                                  'tiled_mlp': {'enabled': False,
[36m(TaskRunner pid=18876)[0m                                                'num_shards': 4},
[36m(TaskRunner pid=18876)[0m                                  'tokenizer_path': None,
[36m(TaskRunner pid=18876)[0m                                  'trust_remote_code': False,
[36m(TaskRunner pid=18876)[0m                                  'use_fused_kernels': False,
[36m(TaskRunner pid=18876)[0m                                  'use_liger': False,
[36m(TaskRunner pid=18876)[0m                                  'use_remove_padding': True,
[36m(TaskRunner pid=18876)[0m                                  'use_shm': False},
[36m(TaskRunner pid=18876)[0m                        'nccl_timeout': 600,
[36m(TaskRunner pid=18876)[0m                        'ref': {'_target_': 'verl.workers.config.FSDPActorConfig',
[36m(TaskRunner pid=18876)[0m                                'entropy_checkpointing': False,
[36m(TaskRunner pid=18876)[0m                                'entropy_from_logits_with_chunking': False,
[36m(TaskRunner pid=18876)[0m                                'fsdp_config': {'_target_': 'verl.workers.config.FSDPEngineConfig',
[36m(TaskRunner pid=18876)[0m                                                'dtype': 'bfloat16',
[36m(TaskRunner pid=18876)[0m                                                'entropy_checkpointing': False,
[36m(TaskRunner pid=18876)[0m                                                'entropy_from_logits_with_chunking': False,
[36m(TaskRunner pid=18876)[0m                                                'forward_only': True,
[36m(TaskRunner pid=18876)[0m                                                'forward_prefetch': False,
[36m(TaskRunner pid=18876)[0m                                                'fsdp_size': -1,
[36m(TaskRunner pid=18876)[0m                                                'full_determinism': False,
[36m(TaskRunner pid=18876)[0m                                                'model_dtype': 'fp32',
[36m(TaskRunner pid=18876)[0m                                                'offload_policy': False,
[36m(TaskRunner pid=18876)[0m                                                'optimizer_offload': False,
[36m(TaskRunner pid=18876)[0m                                                'param_offload': False,
[36m(TaskRunner pid=18876)[0m                                                'qat': {'_target_': 'verl.workers.config.QATEngineConfig',
[36m(TaskRunner pid=18876)[0m                                                        'activation_observer': 'static_minmax',
[36m(TaskRunner pid=18876)[0m                                                        'enable': False,
[36m(TaskRunner pid=18876)[0m                                                        'group_size': 16,
[36m(TaskRunner pid=18876)[0m                                                        'ignore_patterns': ['lm_head',
[36m(TaskRunner pid=18876)[0m                                                                            'embed_tokens',
[36m(TaskRunner pid=18876)[0m                                                                            're:.*mlp.gate$'],
[36m(TaskRunner pid=18876)[0m                                                        'mode': 'w4a16',
[36m(TaskRunner pid=18876)[0m                                                        'quantization_config_path': None},
[36m(TaskRunner pid=18876)[0m                                                'reshard_after_forward': True,
[36m(TaskRunner pid=18876)[0m                                                'seed': 42,
[36m(TaskRunner pid=18876)[0m                                                'strategy': 'fsdp',
[36m(TaskRunner pid=18876)[0m                                                'ulysses_sequence_parallel_size': 1,
[36m(TaskRunner pid=18876)[0m                                                'use_orig_params': False,
[36m(TaskRunner pid=18876)[0m                                                'use_torch_compile': True,
[36m(TaskRunner pid=18876)[0m                                                'wrap_policy': {'min_num_params': 0}},
[36m(TaskRunner pid=18876)[0m                                'log_prob_max_token_len_per_gpu': 16384,
[36m(TaskRunner pid=18876)[0m                                'log_prob_micro_batch_size': None,
[36m(TaskRunner pid=18876)[0m                                'log_prob_micro_batch_size_per_gpu': None,
[36m(TaskRunner pid=18876)[0m                                'log_prob_use_dynamic_bsz': False,
[36m(TaskRunner pid=18876)[0m                                'profiler': {'_target_': 'verl.utils.profiler.ProfilerConfig',
[36m(TaskRunner pid=18876)[0m                                             'all_ranks': False,
[36m(TaskRunner pid=18876)[0m                                             'enable': False,
[36m(TaskRunner pid=18876)[0m                                             'ranks': [],
[36m(TaskRunner pid=18876)[0m                                             'save_path': 'outputs/profile',
[36m(TaskRunner pid=18876)[0m                                             'tool': None,
[36m(TaskRunner pid=18876)[0m                                             'tool_config': {'npu': {'_target_': 'verl.utils.profiler.config.NPUToolConfig',
[36m(TaskRunner pid=18876)[0m                                                                     'analysis': True,
[36m(TaskRunner pid=18876)[0m                                                                     'contents': [],
[36m(TaskRunner pid=18876)[0m                                                                     'discrete': False,
[36m(TaskRunner pid=18876)[0m                                                                     'level': 'level0'},
[36m(TaskRunner pid=18876)[0m                                                             'nsys': {'_target_': 'verl.utils.profiler.config.NsightToolConfig',
[36m(TaskRunner pid=18876)[0m                                                                      'discrete': False},
[36m(TaskRunner pid=18876)[0m                                                             'precision_debugger': {'_target_': 'verl.utils.profiler.config.PrecisionDebuggerToolConfig',
[36m(TaskRunner pid=18876)[0m                                                                                    'config_path': None,
[36m(TaskRunner pid=18876)[0m                                                                                    'stages': None,
[36m(TaskRunner pid=18876)[0m                                                                                    'steps': None,
[36m(TaskRunner pid=18876)[0m                                                                                    'strict': False},
[36m(TaskRunner pid=18876)[0m                                                             'torch': {'_target_': 'verl.utils.profiler.config.TorchProfilerToolConfig',
[36m(TaskRunner pid=18876)[0m                                                                       'contents': [],
[36m(TaskRunner pid=18876)[0m                                                                       'discrete': False},
[36m(TaskRunner pid=18876)[0m                                                             'torch_memory': {'_target_': 'verl.utils.profiler.config.TorchMemoryToolConfig',
[36m(TaskRunner pid=18876)[0m                                                                              'stack_depth': 32,
[36m(TaskRunner pid=18876)[0m                                                                              'trace_alloc_max_entries': 100000}}},
[36m(TaskRunner pid=18876)[0m                                'rollout_n': 8,
[36m(TaskRunner pid=18876)[0m                                'router_replay': {'_target_': 'verl.workers.config.RouterReplayConfig',
[36m(TaskRunner pid=18876)[0m                                                  'mode': 'disabled',
[36m(TaskRunner pid=18876)[0m                                                  'record_file': None,
[36m(TaskRunner pid=18876)[0m                                                  'replay_file': None},
[36m(TaskRunner pid=18876)[0m                                'strategy': 'fsdp',
[36m(TaskRunner pid=18876)[0m                                'ulysses_sequence_parallel_size': 1,
[36m(TaskRunner pid=18876)[0m                                'use_torch_compile': True},
[36m(TaskRunner pid=18876)[0m                        'rollout': {'_target_': 'verl.workers.config.RolloutConfig',
[36m(TaskRunner pid=18876)[0m                                    'agent': {'_target_': 'verl.workers.config.AgentLoopConfig',
[36m(TaskRunner pid=18876)[0m                                              'agent_loop_config_path': None,
[36m(TaskRunner pid=18876)[0m                                              'custom_async_server': {'_target_': 'verl.workers.config.CustomAsyncServerConfig',
[36m(TaskRunner pid=18876)[0m                                                                      'name': None,
[36m(TaskRunner pid=18876)[0m                                                                      'path': None},
[36m(TaskRunner pid=18876)[0m                                              'default_agent_loop': 'single_turn_agent',
[36m(TaskRunner pid=18876)[0m                                              'num_workers': 8},
[36m(TaskRunner pid=18876)[0m                                    'calculate_log_probs': False,
[36m(TaskRunner pid=18876)[0m                                    'checkpoint_engine': {'_target_': 'verl.workers.config.CheckpointEngineConfig',
[36m(TaskRunner pid=18876)[0m                                                          'backend': 'naive',
[36m(TaskRunner pid=18876)[0m                                                          'custom_backend_module': None,
[36m(TaskRunner pid=18876)[0m                                                          'engine_kwargs': {},
[36m(TaskRunner pid=18876)[0m                                                          'update_weights_bucket_megabytes': 2048},
[36m(TaskRunner pid=18876)[0m                                    'cudagraph_capture_sizes': None,
[36m(TaskRunner pid=18876)[0m                                    'data_parallel_size': 1,
[36m(TaskRunner pid=18876)[0m                                    'disable_log_stats': True,
[36m(TaskRunner pid=18876)[0m                                    'disaggregation': {'bootstrap_port': None,
[36m(TaskRunner pid=18876)[0m                                                       'decode_replicas': 1,
[36m(TaskRunner pid=18876)[0m                                                       'decode_tensor_model_parallel_size': None,
[36m(TaskRunner pid=18876)[0m                                                       'enabled': False,
[36m(TaskRunner pid=18876)[0m                                                       'ib_device': None,
[36m(TaskRunner pid=18876)[0m                                                       'prefill_replicas': 1,
[36m(TaskRunner pid=18876)[0m                                                       'transfer_backend': 'nixl'},
[36m(TaskRunner pid=18876)[0m                                    'do_sample': True,
[36m(TaskRunner pid=18876)[0m                                    'dtype': 'bfloat16',
[36m(TaskRunner pid=18876)[0m                                    'enable_chunked_prefill': True,
[36m(TaskRunner pid=18876)[0m                                    'enable_prefix_caching': True,
[36m(TaskRunner pid=18876)[0m                                    'enable_rollout_routing_replay': False,
[36m(TaskRunner pid=18876)[0m                                    'enforce_eager': True,
[36m(TaskRunner pid=18876)[0m                                    'engine_kwargs': {'sglang': {},
[36m(TaskRunner pid=18876)[0m                                                      'trtllm': {},
[36m(TaskRunner pid=18876)[0m                                                      'vllm': {}},
[36m(TaskRunner pid=18876)[0m                                    'expert_parallel_size': 1,
[36m(TaskRunner pid=18876)[0m                                    'free_cache_engine': True,
[36m(TaskRunner pid=18876)[0m                                    'gpu_memory_utilization': 0.75,
[36m(TaskRunner pid=18876)[0m                                    'ignore_eos': False,
[36m(TaskRunner pid=18876)[0m                                    'layered_summon': False,
[36m(TaskRunner pid=18876)[0m                                    'load_format': 'dummy',
[36m(TaskRunner pid=18876)[0m                                    'log_prob_max_token_len_per_gpu': 16384,
[36m(TaskRunner pid=18876)[0m                                    'log_prob_micro_batch_size': None,
[36m(TaskRunner pid=18876)[0m                                    'log_prob_micro_batch_size_per_gpu': 8,
[36m(TaskRunner pid=18876)[0m                                    'log_prob_use_dynamic_bsz': False,
[36m(TaskRunner pid=18876)[0m                                    'logprobs_mode': 'processed_logprobs',
[36m(TaskRunner pid=18876)[0m                                    'max_model_len': 1024,
[36m(TaskRunner pid=18876)[0m                                    'max_num_batched_tokens': 8192,
[36m(TaskRunner pid=18876)[0m                                    'max_num_seqs': 48,
[36m(TaskRunner pid=18876)[0m                                    'mode': 'async',
[36m(TaskRunner pid=18876)[0m                                    'mtp': {'_target_': 'verl.workers.config.MtpConfig',
[36m(TaskRunner pid=18876)[0m                                            'detach_encoder': False,
[36m(TaskRunner pid=18876)[0m                                            'enable': False,
[36m(TaskRunner pid=18876)[0m                                            'enable_rollout': False,
[36m(TaskRunner pid=18876)[0m                                            'enable_train': False,
[36m(TaskRunner pid=18876)[0m                                            'method': 'mtp',
[36m(TaskRunner pid=18876)[0m                                            'mtp_loss_scaling_factor': 0.1,
[36m(TaskRunner pid=18876)[0m                                            'num_speculative_tokens': 1,
[36m(TaskRunner pid=18876)[0m                                            'speculative_algorithm': 'EAGLE',
[36m(TaskRunner pid=18876)[0m                                            'speculative_eagle_topk': 1,
[36m(TaskRunner pid=18876)[0m                                            'speculative_num_draft_tokens': 4,
[36m(TaskRunner pid=18876)[0m                                            'speculative_num_steps': 3},
[36m(TaskRunner pid=18876)[0m                                    'multi_stage_wake_up': False,
[36m(TaskRunner pid=18876)[0m                                    'multi_turn': {'_target_': 'verl.workers.config.MultiTurnConfig',
[36m(TaskRunner pid=18876)[0m                                                   'enable': False,
[36m(TaskRunner pid=18876)[0m                                                   'format': 'hermes',
[36m(TaskRunner pid=18876)[0m                                                   'function_tool_path': None,
[36m(TaskRunner pid=18876)[0m                                                   'max_assistant_turns': None,
[36m(TaskRunner pid=18876)[0m                                                   'max_parallel_calls': 1,
[36m(TaskRunner pid=18876)[0m                                                   'max_tool_response_length': 256,
[36m(TaskRunner pid=18876)[0m                                                   'max_user_turns': None,
[36m(TaskRunner pid=18876)[0m                                                   'num_repeat_rollouts': None,
[36m(TaskRunner pid=18876)[0m                                                   'tokenization_sanity_check_mode': 'strict',
[36m(TaskRunner pid=18876)[0m                                                   'tool_config_path': None,
[36m(TaskRunner pid=18876)[0m                                                   'tool_response_truncate_side': 'middle',
[36m(TaskRunner pid=18876)[0m                                                   'use_inference_chat_template': False},
[36m(TaskRunner pid=18876)[0m                                    'n': 8,
[36m(TaskRunner pid=18876)[0m                                    'n_gpus_per_node': 1,
[36m(TaskRunner pid=18876)[0m                                    'name': 'vllm',
[36m(TaskRunner pid=18876)[0m                                    'nnodes': 0,
[36m(TaskRunner pid=18876)[0m                                    'over_sample_rate': 0,
[36m(TaskRunner pid=18876)[0m                                    'pipeline_model_parallel_size': 1,
[36m(TaskRunner pid=18876)[0m                                    'profiler': {'_target_': 'verl.utils.profiler.ProfilerConfig',
[36m(TaskRunner pid=18876)[0m                                                 'all_ranks': False,
[36m(TaskRunner pid=18876)[0m                                                 'enable': False,
[36m(TaskRunner pid=18876)[0m                                                 'ranks': [],
[36m(TaskRunner pid=18876)[0m                                                 'save_path': 'outputs/profile',
[36m(TaskRunner pid=18876)[0m                                                 'tool': None,
[36m(TaskRunner pid=18876)[0m                                                 'tool_config': {'npu': {'_target_': 'verl.utils.profiler.config.NPUToolConfig',
[36m(TaskRunner pid=18876)[0m                                                                         'analysis': True,
[36m(TaskRunner pid=18876)[0m                                                                         'contents': [],
[36m(TaskRunner pid=18876)[0m                                                                         'discrete': False,
[36m(TaskRunner pid=18876)[0m                                                                         'level': 'level0'},
[36m(TaskRunner pid=18876)[0m                                                                 'precision_debugger': {'_target_': 'verl.utils.profiler.config.PrecisionDebuggerToolConfig',
[36m(TaskRunner pid=18876)[0m                                                                                        'config_path': None,
[36m(TaskRunner pid=18876)[0m                                                                                        'stages': None,
[36m(TaskRunner pid=18876)[0m                                                                                        'steps': None,
[36m(TaskRunner pid=18876)[0m                                                                                        'strict': False},
[36m(TaskRunner pid=18876)[0m                                                                 'torch': {'_target_': 'verl.utils.profiler.config.TorchProfilerToolConfig',
[36m(TaskRunner pid=18876)[0m                                                                           'contents': [],
[36m(TaskRunner pid=18876)[0m                                                                           'discrete': False}}},
[36m(TaskRunner pid=18876)[0m                                    'prometheus': {'_target_': 'verl.workers.config.PrometheusConfig',
[36m(TaskRunner pid=18876)[0m                                                   'enable': False,
[36m(TaskRunner pid=18876)[0m                                                   'file': '/tmp/ray/session_latest/metrics/prometheus/prometheus.yml',
[36m(TaskRunner pid=18876)[0m                                                   'port': 9090,
[36m(TaskRunner pid=18876)[0m                                                   'served_model_name': '/home/zcz/models/Qwen2.5-1.5B-Instruct'},
[36m(TaskRunner pid=18876)[0m                                    'prompt_length': 256,
[36m(TaskRunner pid=18876)[0m                                    'qat': {'_target_': 'verl.workers.config.QATEngineConfig',
[36m(TaskRunner pid=18876)[0m                                            'activation_observer': 'static_minmax',
[36m(TaskRunner pid=18876)[0m                                            'enable': False,
[36m(TaskRunner pid=18876)[0m                                            'group_size': 16,
[36m(TaskRunner pid=18876)[0m                                            'ignore_patterns': ['lm_head',
[36m(TaskRunner pid=18876)[0m                                                                'embed_tokens',
[36m(TaskRunner pid=18876)[0m                                                                're:.*mlp.gate$'],
[36m(TaskRunner pid=18876)[0m                                            'mode': 'w4a16',
[36m(TaskRunner pid=18876)[0m                                            'quantization_config_path': None},
[36m(TaskRunner pid=18876)[0m                                    'quantization': None,
[36m(TaskRunner pid=18876)[0m                                    'quantization_config_file': None,
[36m(TaskRunner pid=18876)[0m                                    'response_length': 512,
[36m(TaskRunner pid=18876)[0m                                    'scheduling_policy': 'fcfs',
[36m(TaskRunner pid=18876)[0m                                    'skip': {'_target_': 'verl.workers.config.SkipConfig',
[36m(TaskRunner pid=18876)[0m                                             'action': 'cache',
[36m(TaskRunner pid=18876)[0m                                             'dump_dir': '~/.verl/rollout_dump',
[36m(TaskRunner pid=18876)[0m                                             'enable': False,
[36m(TaskRunner pid=18876)[0m                                             'max_dump_step': 1},
[36m(TaskRunner pid=18876)[0m                                    'skip_tokenizer_init': True,
[36m(TaskRunner pid=18876)[0m                                    'temperature': 1.0,
[36m(TaskRunner pid=18876)[0m                                    'tensor_model_parallel_size': 1,
[36m(TaskRunner pid=18876)[0m                                    'top_k': -1,
[36m(TaskRunner pid=18876)[0m                                    'top_p': 1,
[36m(TaskRunner pid=18876)[0m                                    'trace': {'_target_': 'verl.workers.config.TraceConfig',
[36m(TaskRunner pid=18876)[0m                                              'backend': None,
[36m(TaskRunner pid=18876)[0m                                              'experiment_name': 'smoke',
[36m(TaskRunner pid=18876)[0m                                              'max_samples_per_step_per_worker': None,
[36m(TaskRunner pid=18876)[0m                                              'project_name': 'rheo-m0',
[36m(TaskRunner pid=18876)[0m                                              'token2text': False},
[36m(TaskRunner pid=18876)[0m                                    'val_kwargs': {'_target_': 'verl.workers.config.SamplingConfig',
[36m(TaskRunner pid=18876)[0m                                                   'do_sample': False,
[36m(TaskRunner pid=18876)[0m                                                   'n': 1,
[36m(TaskRunner pid=18876)[0m                                                   'temperature': 0,
[36m(TaskRunner pid=18876)[0m                                                   'top_k': -1,
[36m(TaskRunner pid=18876)[0m                                                   'top_p': 1.0}}},
[36m(TaskRunner pid=18876)[0m  'algorithm': {'_target_': 'verl.trainer.config.AlgoConfig',
[36m(TaskRunner pid=18876)[0m                'adv_estimator': 'grpo',
[36m(TaskRunner pid=18876)[0m                'gamma': 1.0,
[36m(TaskRunner pid=18876)[0m                'kl_ctrl': {'_target_': 'verl.trainer.config.KLControlConfig',
[36m(TaskRunner pid=18876)[0m                            'horizon': 10000,
[36m(TaskRunner pid=18876)[0m                            'kl_coef': 0.001,
[36m(TaskRunner pid=18876)[0m                            'target_kl': 0.1,
[36m(TaskRunner pid=18876)[0m                            'type': 'fixed'},
[36m(TaskRunner pid=18876)[0m                'kl_penalty': 'kl',
[36m(TaskRunner pid=18876)[0m                'lam': 1.0,
[36m(TaskRunner pid=18876)[0m                'norm_adv_by_std_in_grpo': True,
[36m(TaskRunner pid=18876)[0m                'pf_ppo': {'reweight_method': 'pow', 'weight_pow': 2.0},
[36m(TaskRunner pid=18876)[0m                'rollout_correction': {'bypass_mode': False,
[36m(TaskRunner pid=18876)[0m                                       'loss_type': 'ppo_clip',
[36m(TaskRunner pid=18876)[0m                                       'rollout_is': None,
[36m(TaskRunner pid=18876)[0m                                       'rollout_is_batch_normalize': False,
[36m(TaskRunner pid=18876)[0m                                       'rollout_is_threshold': 2.0,
[36m(TaskRunner pid=18876)[0m                                       'rollout_rs': None,
[36m(TaskRunner pid=18876)[0m                                       'rollout_rs_threshold': None},
[36m(TaskRunner pid=18876)[0m                'use_kl_in_reward': False,
[36m(TaskRunner pid=18876)[0m                'use_pf_ppo': False},
[36m(TaskRunner pid=18876)[0m  'critic': {'_target_': 'verl.workers.config.FSDPCriticConfig',
[36m(TaskRunner pid=18876)[0m             'checkpoint': {'_target_': 'verl.trainer.config.CheckpointConfig',
[36m(TaskRunner pid=18876)[0m                            'async_save': False,
[36m(TaskRunner pid=18876)[0m                            'load_contents': ['model', 'optimizer', 'extra'],
[36m(TaskRunner pid=18876)[0m                            'mbridge_config': {},
[36m(TaskRunner pid=18876)[0m                            'save_contents': ['model', 'optimizer', 'extra']},
[36m(TaskRunner pid=18876)[0m             'cliprange_value': 0.5,
[36m(TaskRunner pid=18876)[0m             'data_loader_seed': 42,
[36m(TaskRunner pid=18876)[0m             'enable': None,
[36m(TaskRunner pid=18876)[0m             'forward_max_token_len_per_gpu': 32768,
[36m(TaskRunner pid=18876)[0m             'forward_micro_batch_size': None,
[36m(TaskRunner pid=18876)[0m             'forward_micro_batch_size_per_gpu': None,
[36m(TaskRunner pid=18876)[0m             'fsdp': {'_target_': 'verl.workers.config.FSDPEngineConfig',
[36m(TaskRunner pid=18876)[0m                      'dtype': 'bfloat16',
[36m(TaskRunner pid=18876)[0m                      'entropy_checkpointing': False,
[36m(TaskRunner pid=18876)[0m                      'entropy_from_logits_with_chunking': False,
[36m(TaskRunner pid=18876)[0m                      'forward_only': False,
[36m(TaskRunner pid=18876)[0m                      'forward_prefetch': False,
[36m(TaskRunner pid=18876)[0m                      'fsdp_size': -1,
[36m(TaskRunner pid=18876)[0m                      'full_determinism': False,
[36m(TaskRunner pid=18876)[0m                      'model_dtype': 'fp32',
[36m(TaskRunner pid=18876)[0m                      'offload_policy': False,
[36m(TaskRunner pid=18876)[0m                      'optimizer_offload': False,
[36m(TaskRunner pid=18876)[0m                      'param_offload': False,
[36m(TaskRunner pid=18876)[0m                      'qat': {'_target_': 'verl.workers.config.QATEngineConfig',
[36m(TaskRunner pid=18876)[0m                              'activation_observer': 'static_minmax',
[36m(TaskRunner pid=18876)[0m                              'enable': False,
[36m(TaskRunner pid=18876)[0m                              'group_size': 16,
[36m(TaskRunner pid=18876)[0m                              'ignore_patterns': ['lm_head',
[36m(TaskRunner pid=18876)[0m                                                  'embed_tokens',
[36m(TaskRunner pid=18876)[0m                                                  're:.*mlp.gate$'],
[36m(TaskRunner pid=18876)[0m                              'mode': 'w4a16',
[36m(TaskRunner pid=18876)[0m                              'quantization_config_path': None},
[36m(TaskRunner pid=18876)[0m                      'reshard_after_forward': True,
[36m(TaskRunner pid=18876)[0m                      'seed': 42,
[36m(TaskRunner pid=18876)[0m                      'strategy': 'fsdp',
[36m(TaskRunner pid=18876)[0m                      'ulysses_sequence_parallel_size': 1,
[36m(TaskRunner pid=18876)[0m                      'use_orig_params': False,
[36m(TaskRunner pid=18876)[0m                      'use_torch_compile': True,
[36m(TaskRunner pid=18876)[0m                      'wrap_policy': {'min_num_params': 0}},
[36m(TaskRunner pid=18876)[0m             'grad_clip': 1.0,
[36m(TaskRunner pid=18876)[0m             'loss_agg_mode': 'token-mean',
[36m(TaskRunner pid=18876)[0m             'model': {'_target_': 'verl.workers.config.HFModelConfig',
[36m(TaskRunner pid=18876)[0m                       'custom_chat_template': None,
[36m(TaskRunner pid=18876)[0m                       'enable_activation_offload': False,
[36m(TaskRunner pid=18876)[0m                       'enable_gradient_checkpointing': True,
[36m(TaskRunner pid=18876)[0m                       'exclude_modules': None,
[36m(TaskRunner pid=18876)[0m                       'external_lib': None,
[36m(TaskRunner pid=18876)[0m                       'fused_kernel_options': {'impl_backend': 'torch'},
[36m(TaskRunner pid=18876)[0m                       'hf_config_path': None,
[36m(TaskRunner pid=18876)[0m                       'lora': {'a2a_experimental': False,
[36m(TaskRunner pid=18876)[0m                                'adapter_path': None,
[36m(TaskRunner pid=18876)[0m                                'alpha': 32,
[36m(TaskRunner pid=18876)[0m                                'dropout': 0.0,
[36m(TaskRunner pid=18876)[0m                                'dropout_position': 'pre',
[36m(TaskRunner pid=18876)[0m                                'dtype': None,
[36m(TaskRunner pid=18876)[0m                                'exclude_modules': [],
[36m(TaskRunner pid=18876)[0m                                'freeze_language_model': True,
[36m(TaskRunner pid=18876)[0m                                'freeze_vision_model': True,
[36m(TaskRunner pid=18876)[0m                                'freeze_vision_projection': True,
[36m(TaskRunner pid=18876)[0m                                'lora_A_init_method': 'xavier',
[36m(TaskRunner pid=18876)[0m                                'lora_B_init_method': 'zero',
[36m(TaskRunner pid=18876)[0m                                'merge': False,
[36m(TaskRunner pid=18876)[0m                                'rank': 0,
[36m(TaskRunner pid=18876)[0m                                'target_modules': ['linear_qkv',
[36m(TaskRunner pid=18876)[0m                                                   'linear_proj',
[36m(TaskRunner pid=18876)[0m                                                   'linear_fc1',
[36m(TaskRunner pid=18876)[0m                                                   'linear_fc2'],
[36m(TaskRunner pid=18876)[0m                                'type': 'lora'},
[36m(TaskRunner pid=18876)[0m                       'lora_adapter_path': None,
[36m(TaskRunner pid=18876)[0m                       'lora_alpha': 16,
[36m(TaskRunner pid=18876)[0m                       'lora_rank': 0,
[36m(TaskRunner pid=18876)[0m                       'mtp': {'_target_': 'verl.workers.config.MtpConfig',
[36m(TaskRunner pid=18876)[0m                               'detach_encoder': False,
[36m(TaskRunner pid=18876)[0m                               'enable': False,
[36m(TaskRunner pid=18876)[0m                               'enable_rollout': False,
[36m(TaskRunner pid=18876)[0m                               'enable_train': False,
[36m(TaskRunner pid=18876)[0m                               'method': 'mtp',
[36m(TaskRunner pid=18876)[0m                               'mtp_loss_scaling_factor': 0.1,
[36m(TaskRunner pid=18876)[0m                               'num_speculative_tokens': 1,
[36m(TaskRunner pid=18876)[0m                               'speculative_algorithm': 'EAGLE',
[36m(TaskRunner pid=18876)[0m                               'speculative_eagle_topk': 1,
[36m(TaskRunner pid=18876)[0m                               'speculative_num_draft_tokens': 4,
[36m(TaskRunner pid=18876)[0m                               'speculative_num_steps': 3},
[36m(TaskRunner pid=18876)[0m                       'override_config': {},
[36m(TaskRunner pid=18876)[0m                       'path': '~/models/deepseek-llm-7b-chat',
[36m(TaskRunner pid=18876)[0m                       'target_modules': 'all-linear',
[36m(TaskRunner pid=18876)[0m                       'tiled_mlp': {'enabled': False, 'num_shards': 4},
[36m(TaskRunner pid=18876)[0m                       'tokenizer_path': None,
[36m(TaskRunner pid=18876)[0m                       'trust_remote_code': False,
[36m(TaskRunner pid=18876)[0m                       'use_fused_kernels': False,
[36m(TaskRunner pid=18876)[0m                       'use_liger': False,
[36m(TaskRunner pid=18876)[0m                       'use_remove_padding': True,
[36m(TaskRunner pid=18876)[0m                       'use_shm': False},
[36m(TaskRunner pid=18876)[0m             'optim': {'_target_': 'verl.workers.config.FSDPOptimizerConfig',
[36m(TaskRunner pid=18876)[0m                       'betas': [0.9, 0.999],
[36m(TaskRunner pid=18876)[0m                       'clip_grad': 1.0,
[36m(TaskRunner pid=18876)[0m                       'lr': 1e-05,
[36m(TaskRunner pid=18876)[0m                       'lr_scheduler_type': 'constant',
[36m(TaskRunner pid=18876)[0m                       'lr_warmup_steps': -1,
[36m(TaskRunner pid=18876)[0m                       'lr_warmup_steps_ratio': 0.0,
[36m(TaskRunner pid=18876)[0m                       'min_lr_ratio': 0.0,
[36m(TaskRunner pid=18876)[0m                       'num_cycles': 0.5,
[36m(TaskRunner pid=18876)[0m                       'optimizer': 'AdamW',
[36m(TaskRunner pid=18876)[0m                       'optimizer_impl': 'torch.optim',
[36m(TaskRunner pid=18876)[0m                       'override_optimizer_config': None,
[36m(TaskRunner pid=18876)[0m                       'total_training_steps': -1,
[36m(TaskRunner pid=18876)[0m                       'warmup_style': None,
[36m(TaskRunner pid=18876)[0m                       'weight_decay': 0.01,
[36m(TaskRunner pid=18876)[0m                       'zero_indexed_step': True},
[36m(TaskRunner pid=18876)[0m             'ppo_epochs': 1,
[36m(TaskRunner pid=18876)[0m             'ppo_max_token_len_per_gpu': 32768,
[36m(TaskRunner pid=18876)[0m             'ppo_micro_batch_size': None,
[36m(TaskRunner pid=18876)[0m             'ppo_micro_batch_size_per_gpu': None,
[36m(TaskRunner pid=18876)[0m             'ppo_mini_batch_size': 8,
[36m(TaskRunner pid=18876)[0m             'profiler': {'_target_': 'verl.utils.profiler.ProfilerConfig',
[36m(TaskRunner pid=18876)[0m                          'all_ranks': False,
[36m(TaskRunner pid=18876)[0m                          'enable': False,
[36m(TaskRunner pid=18876)[0m                          'ranks': [],
[36m(TaskRunner pid=18876)[0m                          'save_path': 'outputs/profile',
[36m(TaskRunner pid=18876)[0m                          'tool': None,
[36m(TaskRunner pid=18876)[0m                          'tool_config': {'npu': {'_target_': 'verl.utils.profiler.config.NPUToolConfig',
[36m(TaskRunner pid=18876)[0m                                                  'analysis': True,
[36m(TaskRunner pid=18876)[0m                                                  'contents': [],
[36m(TaskRunner pid=18876)[0m                                                  'discrete': False,
[36m(TaskRunner pid=18876)[0m                                                  'level': 'level0'},
[36m(TaskRunner pid=18876)[0m                                          'nsys': {'_target_': 'verl.utils.profiler.config.NsightToolConfig',
[36m(TaskRunner pid=18876)[0m                                                   'discrete': False},
[36m(TaskRunner pid=18876)[0m                                          'precision_debugger': {'_target_': 'verl.utils.profiler.config.PrecisionDebuggerToolConfig',
[36m(TaskRunner pid=18876)[0m                                                                 'config_path': None,
[36m(TaskRunner pid=18876)[0m                                                                 'stages': None,
[36m(TaskRunner pid=18876)[0m                                                                 'steps': None,
[36m(TaskRunner pid=18876)[0m                                                                 'strict': False},
[36m(TaskRunner pid=18876)[0m                                          'torch': {'_target_': 'verl.utils.profiler.config.TorchProfilerToolConfig',
[36m(TaskRunner pid=18876)[0m                                                    'contents': [],
[36m(TaskRunner pid=18876)[0m                                                    'discrete': False},
[36m(TaskRunner pid=18876)[0m                                          'torch_memory': {'_target_': 'verl.utils.profiler.config.TorchMemoryToolConfig',
[36m(TaskRunner pid=18876)[0m                                                           'stack_depth': 32,
[36m(TaskRunner pid=18876)[0m                                                           'trace_alloc_max_entries': 100000}}},
[36m(TaskRunner pid=18876)[0m             'rollout_n': 8,
[36m(TaskRunner pid=18876)[0m             'shuffle': False,
[36m(TaskRunner pid=18876)[0m             'strategy': 'fsdp',
[36m(TaskRunner pid=18876)[0m             'ulysses_sequence_parallel_size': 1,
[36m(TaskRunner pid=18876)[0m             'use_dynamic_bsz': False},
[36m(TaskRunner pid=18876)[0m  'data': {'apply_chat_template_kwargs': {},
[36m(TaskRunner pid=18876)[0m           'audio_key': 'audios',
[36m(TaskRunner pid=18876)[0m           'custom_cls': {'name': None, 'path': None},
[36m(TaskRunner pid=18876)[0m           'dataloader_num_workers': 8,
[36m(TaskRunner pid=18876)[0m           'filter_overlong_prompts': False,
[36m(TaskRunner pid=18876)[0m           'filter_overlong_prompts_workers': 1,
[36m(TaskRunner pid=18876)[0m           'function_tool_path': None,
[36m(TaskRunner pid=18876)[0m           'image_key': 'images',
[36m(TaskRunner pid=18876)[0m           'image_patch_size': 14,
[36m(TaskRunner pid=18876)[0m           'max_prompt_length': 256,
[36m(TaskRunner pid=18876)[0m           'max_response_length': 512,
[36m(TaskRunner pid=18876)[0m           'mm_processor_kwargs': {},
[36m(TaskRunner pid=18876)[0m           'prompt_key': 'prompt',
[36m(TaskRunner pid=18876)[0m           'return_full_prompt': False,
[36m(TaskRunner pid=18876)[0m           'return_multi_modal_inputs': True,
[36m(TaskRunner pid=18876)[0m           'return_raw_chat': True,
[36m(TaskRunner pid=18876)[0m           'return_raw_input_ids': False,
[36m(TaskRunner pid=18876)[0m           'reward_fn_key': 'data_source',
[36m(TaskRunner pid=18876)[0m           'seed': None,
[36m(TaskRunner pid=18876)[0m           'shuffle': True,
[36m(TaskRunner pid=18876)[0m           'tokenizer': None,
[36m(TaskRunner pid=18876)[0m           'tool_config_path': None,
[36m(TaskRunner pid=18876)[0m           'train_batch_size': 16,
[36m(TaskRunner pid=18876)[0m           'train_files': '/home/zcz/datasets/rheo/gsm8k/train.parquet',
[36m(TaskRunner pid=18876)[0m           'train_max_samples': -1,
[36m(TaskRunner pid=18876)[0m           'truncation': 'error',
[36m(TaskRunner pid=18876)[0m           'trust_remote_code': False,
[36m(TaskRunner pid=18876)[0m           'use_shm': False,
[36m(TaskRunner pid=18876)[0m           'val_batch_size': None,
[36m(TaskRunner pid=18876)[0m           'val_files': '/home/zcz/datasets/rheo/gsm8k/test.parquet',
[36m(TaskRunner pid=18876)[0m           'val_max_samples': -1,
[36m(TaskRunner pid=18876)[0m           'validation_shuffle': False,
[36m(TaskRunner pid=18876)[0m           'video_key': 'videos'},
[36m(TaskRunner pid=18876)[0m  'distillation': {'_target_': 'verl.workers.config.DistillationConfig',
[36m(TaskRunner pid=18876)[0m                   'distillation_loss': {'_target_': 'verl.workers.config.DistillationLossConfig',
[36m(TaskRunner pid=18876)[0m                                         'clip_ratio': 0.2,
[36m(TaskRunner pid=18876)[0m                                         'clip_ratio_high': 0.2,
[36m(TaskRunner pid=18876)[0m                                         'clip_ratio_low': 0.2,
[36m(TaskRunner pid=18876)[0m                                         'distillation_loss_coef': 1.0,
[36m(TaskRunner pid=18876)[0m                                         'log_prob_min_clamp': None,
[36m(TaskRunner pid=18876)[0m                                         'loss_max_clamp': None,
[36m(TaskRunner pid=18876)[0m                                         'loss_mode': 'k3',
[36m(TaskRunner pid=18876)[0m                                         'policy_loss_mode': 'vanilla',
[36m(TaskRunner pid=18876)[0m                                         'topk': 32,
[36m(TaskRunner pid=18876)[0m                                         'use_policy_gradient': False,
[36m(TaskRunner pid=18876)[0m                                         'use_task_rewards': True},
[36m(TaskRunner pid=18876)[0m                   'enabled': False,
[36m(TaskRunner pid=18876)[0m                   'n_gpus_per_node': 8,
[36m(TaskRunner pid=18876)[0m                   'nnodes': 0,
[36m(TaskRunner pid=18876)[0m                   'teacher_key': 'data_source',
[36m(TaskRunner pid=18876)[0m                   'teacher_models': {'teacher_model': {'_target_': 'verl.workers.config.DistillationTeacherModelConfig',
[36m(TaskRunner pid=18876)[0m                                                        'inference': {'_target_': 'verl.workers.config.RolloutConfig',
[36m(TaskRunner pid=18876)[0m                                                                      'cudagraph_capture_sizes': None,
[36m(TaskRunner pid=18876)[0m                                                                      'data_parallel_size': 1,
[36m(TaskRunner pid=18876)[0m                                                                      'disable_log_stats': True,
[36m(TaskRunner pid=18876)[0m                                                                      'dtype': 'bfloat16',
[36m(TaskRunner pid=18876)[0m                                                                      'enable_chunked_prefill': True,
[36m(TaskRunner pid=18876)[0m                                                                      'enable_prefix_caching': True,
[36m(TaskRunner pid=18876)[0m                                                                      'enforce_eager': True,
[36m(TaskRunner pid=18876)[0m                                                                      'engine_kwargs': {},
[36m(TaskRunner pid=18876)[0m                                                                      'expert_parallel_size': 1,
[36m(TaskRunner pid=18876)[0m                                                                      'free_cache_engine': True,
[36m(TaskRunner pid=18876)[0m                                                                      'gpu_memory_utilization': 0.5,
[36m(TaskRunner pid=18876)[0m                                                                      'limit_images': None,
[36m(TaskRunner pid=18876)[0m                                                                      'load_format': 'auto',
[36m(TaskRunner pid=18876)[0m                                                                      'max_model_len': None,
[36m(TaskRunner pid=18876)[0m                                                                      'max_num_batched_tokens': 8192,
[36m(TaskRunner pid=18876)[0m                                                                      'max_num_seqs': 1024,
[36m(TaskRunner pid=18876)[0m                                                                      'name': 'vllm',
[36m(TaskRunner pid=18876)[0m                                                                      'prompt_length': 256,
[36m(TaskRunner pid=18876)[0m                                                                      'response_length': 512,
[36m(TaskRunner pid=18876)[0m                                                                      'skip_tokenizer_init': True,
[36m(TaskRunner pid=18876)[0m                                                                      'temperature': 1.0,
[36m(TaskRunner pid=18876)[0m                                                                      'tensor_model_parallel_size': 2},
[36m(TaskRunner pid=18876)[0m                                                        'key': None,
[36m(TaskRunner pid=18876)[0m                                                        'model_path': None,
[36m(TaskRunner pid=18876)[0m                                                        'num_replicas': 0}}},
[36m(TaskRunner pid=18876)[0m  'global_profiler': {'_target_': 'verl.utils.profiler.ProfilerConfig',
[36m(TaskRunner pid=18876)[0m                      'global_tool_config': {'nsys': {'_target_': 'verl.utils.profiler.config.NsightToolConfig',
[36m(TaskRunner pid=18876)[0m                                                      'controller_nsight_options': {'cuda-graph-trace': 'graph',
[36m(TaskRunner pid=18876)[0m                                                                                    'cuda-memory-usage': 'true',
[36m(TaskRunner pid=18876)[0m                                                                                    'trace': 'cuda,nvtx,cublas,ucx'},
[36m(TaskRunner pid=18876)[0m                                                      'discrete': False,
[36m(TaskRunner pid=18876)[0m                                                      'worker_nsight_options': {'capture-range': 'cudaProfilerApi',
[36m(TaskRunner pid=18876)[0m                                                                                'capture-range-end': None,
[36m(TaskRunner pid=18876)[0m                                                                                'cuda-graph-trace': 'graph',
[36m(TaskRunner pid=18876)[0m                                                                                'cuda-memory-usage': 'true',
[36m(TaskRunner pid=18876)[0m                                                                                'kill': 'none',
[36m(TaskRunner pid=18876)[0m                                                                                'trace': 'cuda,nvtx,cublas,ucx'}},
[36m(TaskRunner pid=18876)[0m                                             'precision_debugger': {'_target_': 'verl.utils.profiler.config.PrecisionDebuggerToolConfig',
[36m(TaskRunner pid=18876)[0m                                                                    'config_path': None,
[36m(TaskRunner pid=18876)[0m                                                                    'stages': None,
[36m(TaskRunner pid=18876)[0m                                                                    'steps': None,
[36m(TaskRunner pid=18876)[0m                                                                    'strict': False},
[36m(TaskRunner pid=18876)[0m                                             'torch_memory': {'context': 'all',
[36m(TaskRunner pid=18876)[0m                                                              'kw_args': {},
[36m(TaskRunner pid=18876)[0m                                                              'stack_depth': 32,
[36m(TaskRunner pid=18876)[0m                                                              'stacks': 'all',
[36m(TaskRunner pid=18876)[0m                                                              'trace_alloc_max_entries': 100000}},
[36m(TaskRunner pid=18876)[0m                      'profile_continuous_steps': False,
[36m(TaskRunner pid=18876)[0m                      'save_path': 'outputs/profile',
[36m(TaskRunner pid=18876)[0m                      'steps': None,
[36m(TaskRunner pid=18876)[0m                      'tool': None},
[36m(TaskRunner pid=18876)[0m  'model_engine': 'dp',
[36m(TaskRunner pid=18876)[0m  'ray_kwargs': {'ray_init': {'num_cpus': None}, 'timeline_json_file': None},
[36m(TaskRunner pid=18876)[0m  'reward': {'_target_': 'verl.workers.config.RewardConfig',
[36m(TaskRunner pid=18876)[0m             'custom_reward_function': {'name': 'compute_score',
[36m(TaskRunner pid=18876)[0m                                        'path': '/home/zcz/rheo-a/bench/m0/gsm8k_reward.py'},
[36m(TaskRunner pid=18876)[0m             'num_workers': 8,
[36m(TaskRunner pid=18876)[0m             'reward_manager': {'_target_': 'verl.workers.config.reward.RewardManagerConfig',
[36m(TaskRunner pid=18876)[0m                                'module': {'_target_': 'verl.trainer.config.config.ModuleConfig',
[36m(TaskRunner pid=18876)[0m                                           'name': 'custom_reward_manager',
[36m(TaskRunner pid=18876)[0m                                           'path': None},
[36m(TaskRunner pid=18876)[0m                                'name': 'naive',
[36m(TaskRunner pid=18876)[0m                                'source': 'register'},
[36m(TaskRunner pid=18876)[0m             'reward_model': {'_target_': 'verl.workers.config.RewardModelConfig',
[36m(TaskRunner pid=18876)[0m                              'enable': False,
[36m(TaskRunner pid=18876)[0m                              'enable_resource_pool': False,
[36m(TaskRunner pid=18876)[0m                              'model_path': None,
[36m(TaskRunner pid=18876)[0m                              'n_gpus_per_node': 8,
[36m(TaskRunner pid=18876)[0m                              'nnodes': 0,
[36m(TaskRunner pid=18876)[0m                              'rollout': {'_target_': 'verl.workers.config.RolloutConfig',
[36m(TaskRunner pid=18876)[0m                                          'cudagraph_capture_sizes': None,
[36m(TaskRunner pid=18876)[0m                                          'data_parallel_size': 1,
[36m(TaskRunner pid=18876)[0m                                          'disable_log_stats': True,
[36m(TaskRunner pid=18876)[0m                                          'disaggregation': {'bootstrap_port': None,
[36m(TaskRunner pid=18876)[0m                                                             'decode_replicas': 1,
[36m(TaskRunner pid=18876)[0m                                                             'decode_tensor_model_parallel_size': None,
[36m(TaskRunner pid=18876)[0m                                                             'enabled': False,
[36m(TaskRunner pid=18876)[0m                                                             'ib_device': None,
[36m(TaskRunner pid=18876)[0m                                                             'prefill_replicas': 1,
[36m(TaskRunner pid=18876)[0m                                                             'transfer_backend': 'nixl'},
[36m(TaskRunner pid=18876)[0m                                          'do_sample': True,
[36m(TaskRunner pid=18876)[0m                                          'dtype': 'bfloat16',
[36m(TaskRunner pid=18876)[0m                                          'enable_chunked_prefill': True,
[36m(TaskRunner pid=18876)[0m                                          'enable_prefix_caching': True,
[36m(TaskRunner pid=18876)[0m                                          'enforce_eager': True,
[36m(TaskRunner pid=18876)[0m                                          'engine_kwargs': {},
[36m(TaskRunner pid=18876)[0m                                          'expert_parallel_size': 1,
[36m(TaskRunner pid=18876)[0m                                          'free_cache_engine': True,
[36m(TaskRunner pid=18876)[0m                                          'gpu_memory_utilization': 0.5,
[36m(TaskRunner pid=18876)[0m                                          'ignore_eos': False,
[36m(TaskRunner pid=18876)[0m                                          'layered_summon': False,
[36m(TaskRunner pid=18876)[0m                                          'limit_images': None,
[36m(TaskRunner pid=18876)[0m                                          'load_format': 'auto',
[36m(TaskRunner pid=18876)[0m                                          'max_model_len': None,
[36m(TaskRunner pid=18876)[0m                                          'max_num_batched_tokens': 8192,
[36m(TaskRunner pid=18876)[0m                                          'max_num_seqs': 1024,
[36m(TaskRunner pid=18876)[0m                                          'mtp': None,
[36m(TaskRunner pid=18876)[0m                                          'multi_stage_wake_up': False,
[36m(TaskRunner pid=18876)[0m                                          'n': 1,
[36m(TaskRunner pid=18876)[0m                                          'name': '???',
[36m(TaskRunner pid=18876)[0m                                          'pipeline_model_parallel_size': 1,
[36m(TaskRunner pid=18876)[0m                                          'prompt_length': 2048,
[36m(TaskRunner pid=18876)[0m                                          'quantization': None,
[36m(TaskRunner pid=18876)[0m                                          'quantization_config_file': None,
[36m(TaskRunner pid=18876)[0m                                          'response_length': 2048,
[36m(TaskRunner pid=18876)[0m                                          'scheduling_policy': 'fcfs',
[36m(TaskRunner pid=18876)[0m                                          'skip_tokenizer_init': False,
[36m(TaskRunner pid=18876)[0m                                          'temperature': 1.0,
[36m(TaskRunner pid=18876)[0m                                          'tensor_model_parallel_size': 2,
[36m(TaskRunner pid=18876)[0m                                          'top_k': -1,
[36m(TaskRunner pid=18876)[0m                                          'top_p': 1}},
[36m(TaskRunner pid=18876)[0m             'sandbox_fusion': {'_target_': 'verl.workers.config.SandboxFusionConfig',
[36m(TaskRunner pid=18876)[0m                                'max_concurrent': 64,
[36m(TaskRunner pid=18876)[0m                                'memory_limit_mb': 1024,
[36m(TaskRunner pid=18876)[0m                                'url': None}},
[36m(TaskRunner pid=18876)[0m  'trainer': {'balance_batch': True,
[36m(TaskRunner pid=18876)[0m              'critic_warmup': 0,[36m(TaskRunner pid=18876)[0m /home/zcz/tools/venvs/rheo/lib/python3.12/site-packages/verl/trainer/main_ppo.py:258: UserWarning: Disabled critic as algorithm.adv_estimator != gae. If it is not intended, please set critic.enable=True
[36m(TaskRunner pid=18876)[0m   use_critic=need_critic(config),
[36m(TaskRunner pid=18876)[0m /home/zcz/tools/venvs/rheo/lib/python3.12/site-packages/verl/trainer/main_ppo.py:299: FutureWarning: Warning: Class 'verl.trainer.ppo.ray_trainer.RayPPOTrainer' is deprecated. Please use 'main_ppo.py is deprecated, and wil be replaced by main_ppo_sync.py in v0.8.0, please use main_ppo_sync.py instead.' instead.
[36m(TaskRunner pid=18876)[0m   trainer = RayPPOTrainer(
[36m(TaskRunner pid=18876)[0m /home/zcz/tools/venvs/rheo/lib/python3.12/site-packages/verl/trainer/ppo/ray_trainer.py:348: UserWarning: Disabled critic as algorithm.adv_estimator != gae. If it is not intended, please set critic.enable=True
[36m(TaskRunner pid=18876)[0m   self.use_critic = need_critic(self.config)
[36m(WorkerDict pid=19052)[0m /home/zcz/tools/venvs/rheo/lib/python3.12/site-packages/verl/workers/engine/mindspeed/transformer_impl.py:24: UserWarning: NPU not support router replay for now.
[36m(WorkerDict pid=19052)[0m   from verl.utils.megatron.router_replay_patch import RouterReplay
[36m(WorkerDict pid=19052)[0m `torch_dtype` is deprecated! Use `dtype` instead!
[36m(WorkerDict pid=19052)[0m Flash Attention 2 only supports torch.float16 and torch.bfloat16 dtypes, but the current dype in Qwen2ForCausalLM is torch.float32. You should run training or inference using Automatic Mixed-Precision via the `with torch.autocast(device_type='torch_device'):` decorator, or load the model with the `dtype` argument. Example: `model = AutoModel.from_pretrained("openai/whisper-tiny", attn_implementation="flash_attention_2", dtype=torch.float16)`
[36m(WorkerDict pid=19052)[0m Flash Attention 2 only supports torch.float16 and torch.bfloat16 dtypes, but the current dype in Qwen2Model is torch.float32. You should run training or inference using Automatic Mixed-Precision via the `with torch.autocast(device_type='torch_device'):` decorator, or load the model with the `dtype` argument. Example: `model = AutoModel.from_pretrained("openai/whisper-tiny", attn_implementation="flash_attention_2", dtype=torch.float16)`
[36m(WorkerDict pid=19052)[0m /home/zcz/tools/venvs/rheo/lib/python3.12/site-packages/torch/distributed/fsdp/_init_utils.py:430: UserWarning: FSDP is switching to use `NO_SHARD` instead of ShardingStrategy.FULL_SHARD since the world size is 1.
[36m(WorkerDict pid=19052)[0m   warnings.warn(
[36m(WorkerDict pid=19052)[0m /home/zcz/tools/venvs/rheo/lib/python3.12/site-packages/torch/distributed/fsdp/fully_sharded_data_parallel.py:675: FutureWarning: FSDP.state_dict_type() and FSDP.set_state_dict_type() are being deprecated. Please use APIs, get_state_dict() and set_state_dict(), which can support different parallelisms, FSDP1, FSDP2, DDP. API doc: https://pytorch.org/docs/stable/distributed.checkpoint.html#torch.distributed.checkpoint.state_dict.get_state_dict .Tutorial: https://pytorch.org/tutorials/recipes/distributed_checkpoint_recipe.html .
[36m(WorkerDict pid=19052)[0m   warnings.warn(
[36m(WorkerDict pid=19052)[0m WARNING:2026-09-29 11:13:33,097:IPC is not supported on your devices. Falling back to shared memory for weight transfer, which may cause performance degradation. If you are using Ascend NPUs, please ensure that your software and CANN toolkit versions meet the requirements for IPC support. (Ascend HDK version >= 25.3.rc1 and CANN toolkit version >= 8.3.RC1)

[36m(TaskRunner pid=18876)[0m              'default_hdfs_dir': None,
[36m(TaskRunner pid=18876)[0m              'default_local_dir': '/home/zcz/tools/rheo-checkpoints/smoke',
[36m(TaskRunner pid=18876)[0m              'del_local_ckpt_after_load': False,
[36m(TaskRunner pid=18876)[0m              'device': 'cuda',
[36m(TaskRunner pid=18876)[0m              'esi_redundant_time': 0,
[36m(TaskRunner pid=18876)[0m              'experiment_name': 'smoke',
[36m(TaskRunner pid=18876)[0m              'log_val_generations': 0,
[36m(TaskRunner pid=18876)[0m              'logger': ['console', 'tensorboard'],
[36m(TaskRunner pid=18876)[0m              'max_actor_ckpt_to_keep': None,
[36m(TaskRunner pid=18876)[0m              'max_critic_ckpt_to_keep': None,
[36m(TaskRunner pid=18876)[0m              'n_gpus_per_node': 1,
[36m(TaskRunner pid=18876)[0m              'nnodes': 1,
[36m(TaskRunner pid=18876)[0m              'project_name': 'rheo-m0',
[36m(TaskRunner pid=18876)[0m              'ray_wait_register_center_timeout': 300,
[36m(TaskRunner pid=18876)[0m              'resume_from_path': None,
[36m(TaskRunner pid=18876)[0m              'resume_mode': 'auto',
[36m(TaskRunner pid=18876)[0m              'rollout_data_dir': None,
[36m(TaskRunner pid=18876)[0m              'save_freq': -1,
[36m(TaskRunner pid=18876)[0m              'test_freq': -1,
[36m(TaskRunner pid=18876)[0m              'total_epochs': 10,
[36m(TaskRunner pid=18876)[0m              'total_training_steps': 3,
[36m(TaskRunner pid=18876)[0m              'val_before_train': False,
[36m(TaskRunner pid=18876)[0m              'val_only': False,
[36m(TaskRunner pid=18876)[0m              'validation_data_dir': None},
[36m(TaskRunner pid=18876)[0m  'transfer_queue': {'backend': {'MooncakeStore': {'auto_init': False,
[36m(TaskRunner pid=18876)[0m                                                   'device_name': '',
[36m(TaskRunner pid=18876)[0m                                                   'global_segment_size': 4294967296,
[36m(TaskRunner pid=18876)[0m                                                   'local_buffer_size': 1073741824,
[36m(TaskRunner pid=18876)[0m                                                   'local_hostname': 'localhost',
[36m(TaskRunner pid=18876)[0m                                                   'master_server_address': 'localhost:50124',
[36m(TaskRunner pid=18876)[0m                                                   'metadata_server': 'localhost:50123',
[36m(TaskRunner pid=18876)[0m                                                   'protocol': 'tcp'},
[36m(TaskRunner pid=18876)[0m                                 'SimpleStorage': {'num_data_storage_units': 8,
[36m(TaskRunner pid=18876)[0m                                                   'total_storage_size': 100000},
[36m(TaskRunner pid=18876)[0m                                 'storage_backend': 'SimpleStorage'},
[36m(TaskRunner pid=18876)[0m                     'enable': False,
[36m(TaskRunner pid=18876)[0m                     'metrics': {'enabled': False, 'port': 0}}}
[36m(TaskRunner pid=18876)[0m [validate_config] All configuration checks passed successfully!
[36m(TaskRunner pid=18876)[0m Using dataset class: RLHFDataset
[36m(TaskRunner pid=18876)[0m dataset len: 7473
[36m(TaskRunner pid=18876)[0m Using dataset class: RLHFDataset
[36m(TaskRunner pid=18876)[0m dataset len: 200
[36m(TaskRunner pid=18876)[0m Size of train dataloader: 467, Size of val dataloader: 1
[36m(TaskRunner pid=18876)[0m Total training steps: 3
[36m(TaskRunner pid=18876)[0m colocated worker base class <class 'verl.single_controller.base.worker.Worker'>
[36m(WorkerDict pid=19052)[0m [Gloo] Rank 0 is connected to 0 peer ranks. Expected number of connected peer ranks is : 0
[36m(WorkerDict pid=19052)[0m Warning: Failed to set NUMA affinity: libnuma.so: cannot open shared object file: No such file or directory
[36m(WorkerDict pid=19052)[0m Monkey patch _flash_attention_forward in transformers.integrations.flash_attention
[36m(WorkerDict pid=19052)[0m Skipping monkey patch for Qwen2ForCausalLM as use_fused_kernels is False or fused_kernels_backend is torch
[36m(WorkerDict pid=19052)[0m PeftModelForCausalLM contains 1.56B parameters
[36m(WorkerDict pid=19052)[0m Before FSDP, memory allocated (GB): 0.00, memory reserved (GB): 0.00, device memory used/total (GB): 1.00/6.00
[36m(WorkerDict pid=19052)[0m After FSDP, memory allocated (GB): 5.82, memory reserved (GB): 6.94, device memory used/total (GB): 6.00/6.00
[36m(WorkerDict pid=19052)[0m Total steps: 3, num_warmup_steps: 0
[36m(WorkerDict pid=19052)[0m NCCL version 2.27.5+cuda12.9
[36m(WorkerDict pid=19052)[0m [Gloo] Rank 0 is connected to 0 peer ranks. Expected number of connected peer ranks is : 0
[36m(WorkerDict pid=19052)[0m [Gloo] Rank 0 is connected to 0 peer ranks. Expected number of connected peer ranks is : 0
[36m(WorkerDict pid=19052)[0m [Gloo] Rank 0 is connected to 0 peer ranks. Expected number of connected peer ranks is : 0
[36m(vLLMHttpServer pid=20924)[0m ['serve',
[36m(vLLMHttpServer pid=20924)[0m  '/home/zcz/models/Qwen2.5-1.5B-Instruct',
[36m(vLLMHttpServer pid=20924)[0m  '--dtype',
[36m(vLLMHttpServer pid=20924)[0m  'bfloat16',
[36m(vLLMHttpServer pid=20924)[0m  '--load_format',
[36m(vLLMHttpServer pid=20924)[0m  'dummy',
[36m(vLLMHttpServer pid=20924)[0m  '--distributed_executor_backend',
[36m(vLLMHttpServer pid=20924)[0m  'mp',
[36m(vLLMHttpServer pid=20924)[0m  '--worker_extension_cls',
[36m(vLLMHttpServer pid=20924)[0m  'verl.workers.rollout.vllm_rollout.utils.vLLMColocateWorkerExtension',
[36m(vLLMHttpServer pid=20924)[0m  '--max_model_len',
[36m(vLLMHttpServer pid=20924)[0m  '1024',
[36m(vLLMHttpServer pid=20924)[0m  '--max_num_seqs',
[36m(vLLMHttpServer pid=20924)[0m  '48',
[36m(vLLMHttpServer pid=20924)[0m  '--enable_chunked_prefill',
[36m(vLLMHttpServer pid=20924)[0m  '--max_num_batched_tokens',
[36m(vLLMHttpServer pid=20924)[0m  '8192',
[36m(vLLMHttpServer pid=20924)[0m  '--enable_prefix_caching',
[36m(vLLMHttpServer pid=20924)[0m  '--enable_sleep_mode',
[36m(vLLMHttpServer pid=20924)[0m  '--logprobs_mode',
[36m(vLLMHttpServer pid=20924)[0m  'processed_logprobs',
[36m(vLLMHttpServer pid=20924)[0m  '--enforce_eager',
[36m(vLLMHttpServer pid=20924)[0m  '--gpu_memory_utilization',
[36m(vLLMHttpServer pid=20924)[0m  '0.75',
[36m(vLLMHttpServer pid=20924)[0m  '--disable_log_stats',
[36m(vLLMHttpServer pid=20924)[0m  '--tensor_parallel_size',
[36m(vLLMHttpServer pid=20924)[0m  '1',
[36m(vLLMHttpServer pid=20924)[0m  '--seed',
[36m(vLLMHttpServer pid=20924)[0m  '0',
[36m(vLLMHttpServer pid=20924)[0m  '--override_generation_config',
[36m(vLLMHttpServer pid=20924)[0m  '{"temperature": 1.0, "top_k": -1, "top_p": 1, "repetition_penalty": 1.0, '
[36m(vLLMHttpServer pid=20924)[0m  '"max_new_tokens": 512}',
[36m(vLLMHttpServer pid=20924)[0m  '--hf_overrides',
[36m(vLLMHttpServer pid=20924)[0m  '{}',
[36m(vLLMHttpServer pid=20924)[0m  '--scheduling_policy',
[36m(vLLMHttpServer pid=20924)[0m  'fcfs',
[36m(vLLMHttpServer pid=20924)[0m  '--compilation_config',
[36m(vLLMHttpServer pid=20924)[0m  '{"cudagraph_mode": "FULL_AND_PIECEWISE"}']
[36m(vLLMHttpServer pid=20924)[0m WARNING 09-29 11:13:49 [vllm.py:601] Enforce eager set, overriding optimization level to -O0
[36m(vLLMHttpServer pid=20924)[0m WARNING 09-29 11:13:49 [interface.py:426] Using 'pin_memory=False' as WSL is detected. This may slow down the performance.
[36m(vLLMHttpServer pid=20924)[0m WARNING 09-29 11:13:49 [system_utils.py:136] We must use the `spawn` multiprocessing start method. Overriding VLLM_WORKER_MULTIPROC_METHOD to 'spawn'. See https://docs.vllm.ai/en/latest/usage/troubleshooting.html#python-multiprocessing for more information. Reasons: In a Ray actor and can only be spawned; CUDA is initialized
[36m(vLLMHttpServer pid=20924)[0m WARNING 09-29 11:14:03 [interface.py:426] Using 'pin_memory=False' as WSL is detected. This may slow down the performance.
[36m(vLLMHttpServer pid=20924)[0m [0;36m(EngineCore_DP0 pid=21310)[0;0m WARNING 09-29 11:14:12 [interface.py:426] Using 'pin_memory=False' as WSL is detected. This may slow down the performance.[36m(WorkerDict pid=19052)[0m /home/zcz/tools/venvs/rheo/lib/python3.12/site-packages/torch/distributed/fsdp/_state_dict_utils.py:763: UserWarning: When using ``NO_SHARD`` for ``ShardingStrategy``, full_state_dict will be returned.
[36m(WorkerDict pid=19052)[0m   warnings.warn(
[36m(WorkerDict pid=19052)[0m /home/zcz/tools/venvs/rheo/lib/python3.12/site-packages/torch/distributed/fsdp/_state_dict_utils.py:701: UserWarning: When using ``NO_SHARD`` for ``ShardingStrategy``, full_state_dict will be returned.
[36m(WorkerDict pid=19052)[0m   warnings.warn(
[36m(TaskRunner pid=18876)[0m Training Progress:   0%|          | 0/3 [00:00<?, ?it/s]
[36m(AgentLoopWorker pid=21552)[0m You're using a Qwen2TokenizerFast tokenizer. Please note that with a fast tokenizer, using the `__call__` method is faster than using a method to encode the text followed by a call to the `pad` method to get a padded encoding.
[36m(AgentLoopWorker pid=21554)[0m You're using a Qwen2TokenizerFast tokenizer. Please note that with a fast tokenizer, using the `__call__` method is faster than using a method to encode the text followed by a call to the `pad` method to get a padded encoding.[32m [repeated 3x across cluster] (Ray deduplicates logs by default. Set RAY_DEDUP_LOGS=0 to disable log deduplication, or see https://docs.ray.io/en/master/ray-observability/user-guides/configure-logging.html#log-deduplication for more options.)[0m
[36m(AgentLoopWorker pid=21556)[0m You're using a Qwen2TokenizerFast tokenizer. Please note that with a fast tokenizer, using the `__call__` method is faster than using a method to encode the text followed by a call to the `pad` method to get a padded encoding.[32m [repeated 2x across cluster][0m
[36m(TaskRunner pid=18876)[0m W0929 11:17:14.453000 18876 torch/fx/_symbolic_trace.py:52] is_fx_tracing will return true for both fx.symbolic_trace and torch.export. Please use is_fx_tracing_symbolic_tracing() for specifically fx.symbolic_trace or torch.compiler.is_compiling() for specifically torch.export/compile.
[36m(AgentLoopWorker pid=21550)[0m You're using a Qwen2TokenizerFast tokenizer. Please note that with a fast tokenizer, using the `__call__` method is faster than using a method to encode the text followed by a call to the `pad` method to get a padded encoding.[32m [repeated 2x across cluster][0m
[36m(WorkerDict pid=19052)[0m In file included from /home/zcz/.local/share/uv/python/cpython-3.12.14-linux-x86_64-gnu/include/python3.12/Python.h:12,
[36m(WorkerDict pid=19052)[0m                  from /tmp/tmp6onknhzx/__triton_launcher.c:7:
[36m(WorkerDict pid=19052)[0m /home/zcz/.local/share/uv/python/cpython-3.12.14-linux-x86_64-gnu/include/python3.12/pyconfig.h:1877:9: warning: ‘_POSIX_C_SOURCE’ redefined
[36m(WorkerDict pid=19052)[0m  1877 | #define _POSIX_C_SOURCE 200809L
[36m(WorkerDict pid=19052)[0m       |         ^~~~~~~~~~~~~~~
[36m(WorkerDict pid=19052)[0m In file included from /usr/include/x86_64-linux-gnu/bits/libc-header-start.h:33,
[36m(WorkerDict pid=19052)[0m                  from /usr/include/stdlib.h:26,
[36m(WorkerDict pid=19052)[0m                  from /home/zcz/tools/venvs/rheo/lib/python3.12/site-packages/triton/backends/nvidia/include/cuda.h:56,
[36m(WorkerDict pid=19052)[0m                  from /tmp/tmp6onknhzx/__triton_launcher.c:2:
[36m(WorkerDict pid=19052)[0m /usr/include/features.h:319:10: note: this is the location of the previous definition
[36m(WorkerDict pid=19052)[0m   319 | # define _POSIX_C_SOURCE        202405L
[36m(WorkerDict pid=19052)[0m       |          ^~~~~~~~~~~~~~~
[36m(WorkerDict pid=19052)[0m [rank0]:W0929 11:17:15.800000 19052 torch/fx/_symbolic_trace.py:52] is_fx_tracing will return true for both fx.symbolic_trace and torch.export. Please use is_fx_tracing_symbolic_tracing() for specifically fx.symbolic_trace or torch.compiler.is_compiling() for specifically torch.export/compile.
[36m(WorkerDict pid=19052)[0m /home/zcz/tools/venvs/rheo/lib/python3.12/site-packages/torch/distributed/fsdp/_state_dict_utils.py:763: UserWarning: When using ``NO_SHARD`` for ``ShardingStrategy``, full_state_dict will be returned.
[36m(WorkerDict pid=19052)[0m   warnings.warn(
[36m(WorkerDict pid=19052)[0m /home/zcz/tools/venvs/rheo/lib/python3.12/site-packages/torch/distributed/fsdp/_state_dict_utils.py:701: UserWarning: When using ``NO_SHARD`` for ``ShardingStrategy``, full_state_dict will be returned.
[36m(WorkerDict pid=19052)[0m   warnings.warn(
[36m(TaskRunner pid=18876)[0m Training Progress:  33%|███▎      | 1/3 [29:59<59:59, 1799.95s/it]
[36m(TaskRunner pid=18876)[0m Training Progress:  67%|██████▋   | 2/3 [55:54<27:35, 1655.76s/it]

[36m(vLLMHttpServer pid=20924)[0m [0;36m(EngineCore_DP0 pid=21310)[0;0m WARNING 09-29 11:14:12 [vllm.py:608] Inductor compilation was disabled by user settings,Optimizations settings that are only active duringInductor compilation will be ignored.
[36m(vLLMHttpServer pid=20924)[0m WARNING 09-29 11:14:12 [api_server.py:1358] LoRA dynamic loading & unloading is enabled in the API server. This should ONLY be used for local development!
[36m(vLLMHttpServer pid=20924)[0m WARNING 09-29 11:14:12 [model.py:1576] Default sampling parameters have been overridden by the model's Hugging Face generation config recommended from the model creator. If this is not intended, please relaunch vLLM instance with `--generation-config vllm`.
[36m(TaskRunner pid=18876)[0m LLMServerManager: ['172.21.90.157:41971']
[36m(TaskRunner pid=18876)[0m Saving tensorboard log to /home/zcz/rheo-a/bench/results/m0-baseline/tb.
[36m(TaskRunner pid=18876)[0m Checkpoint tracker file does not exist: /home/zcz/tools/rheo-checkpoints/smoke/latest_checkpointed_iteration.txt
[36m(TaskRunner pid=18876)[0m Training from scratch
[36m(AgentLoopWorker pid=21552)[0m Using dataset class: RLHFDataset
[36m(TaskRunner pid=18876)[0m step:1 - global_seqlen/min:47277 - global_seqlen/max:47277 - global_seqlen/minmax_diff:0 - global_seqlen/balanced_min:47277 - global_seqlen/balanced_max:47277 - global_seqlen/mean:47277.0 - actor/entropy:0.31883323192596436 - perf/mfu/actor_infer:0.0 - actor/pg_clipfrac:np.float64(0.003977358137490228) - actor/ppo_kl:np.float64(0.004498008856899105) - actor/pg_clipfrac_lower:np.float64(5.0390844990033656e-05) - actor/pg_loss:np.float64(0.026667156460462138) - actor/loss:np.float64(0.0266671571880579) - actor/grad_norm:np.float64(0.09295853227376938) - actor/perf/max_memory_allocated_gb:np.float64(13.31730318069458) - actor/perf/max_memory_reserved_gb:np.float64(38.8125) - actor/perf/cpu_memory_used_gb:np.float64(30.262048721313477) - actor/lr:np.float64(0.0001) - perf/mfu/actor:np.float64(0.0) - training/global_step:1 - training/epoch:0 - critic/score/mean:0.203125 - critic/score/max:1.0 - critic/score/min:0.0 - critic/rewards/mean:0.203125 - critic/rewards/max:1.0 - critic/rewards/min:0.0 - critic/advantages/mean:-0.026787590235471725 - critic/advantages/max:2.4748666286468506 - critic/advantages/min:-0.935412585735321 - critic/returns/mean:-0.026787590235471725 - critic/returns/max:2.4748666286468506 - critic/returns/min:-0.935412585735321 - response_length/mean:243.7890625 - response_length/max:497.0 - response_length/min:65.0 - response_length/clip_ratio:0.0 - response_length_non_aborted/mean:243.7890625 - response_length_non_aborted/max:497.0 - response_length_non_aborted/min:65.0 - response_length_non_aborted/clip_ratio:0.0 - response/aborted_ratio:0.0 - prompt_length/mean:125.5625 - prompt_length/max:173.0 - prompt_length/min:99.0 - prompt_length/clip_ratio:0.0 - num_turns/min:np.int32(2) - num_turns/max:np.int32(2) - num_turns/mean:np.float64(2.0) - timing_s/start_profile:0.0005198579965508543 - timing_s/agent_loop/num_preempted/min:np.int64(-1) - timing_s/agent_loop/num_preempted/max:np.int64(-1) - timing_s/agent_loop/num_preempted/mean:np.float64(-1.0) - timing_s/agent_loop/generate_sequences/min:np.float64(8.904790061002132) - timing_s/agent_loop/generate_sequences/max:np.float64(110.95454605499981) - timing_s/agent_loop/generate_sequences/mean:np.float64(36.81305588971878) - timing_s/agent_loop/tool_calls/min:np.float64(0.0) - timing_s/agent_loop/tool_calls/max:np.float64(0.0) - timing_s/agent_loop/tool_calls/mean:np.float64(0.0) - timing_s/agent_loop/compute_score/min:np.float64(0.005158607003977522) - timing_s/agent_loop/compute_score/max:np.float64(0.06688336900697323) - timing_s/agent_loop/compute_score/mean:np.float64(0.011618087460647075) - timing_s/agent_loop/slowest/generate_sequences:np.float64(110.95454605499981) - timing_s/agent_loop/slowest/tool_calls:np.float64(0.0) - timing_s/agent_loop/slowest/compute_score:np.float64(0.0067033130035270005) - timing_s/agent_loop/slowest/num_preempted:np.int64(-1) - timing_s/agent_loop/slowest/prompt_length:145 - timing_s/agent_loop/slowest/response_length:484 - timing_s/gen:112.04182877999847 - timing_s/reward:0.00016140699881361797 - timing_s/old_log_prob:237.27962500000285 - timing_s/adv:0.007500027000787668 - timing_s/update_actor:1399.3360723799997 - timing_s/update_weights:50.633759629999986 - timing_s/step:1799.4264629390018 - timing_s/stop_profile:0.0010061930006486364 - timing_per_token_ms/adv:0.00015864007870185646 - timing_per_token_ms/gen:3.5905088537092924 - timing_per_token_ms/update_actor:29.598664728726437 - perf/total_num_tokens:47277 - perf/time_per_step:1799.4264629390018 - perf/throughput:26.2733715290496
[36m(AgentLoopWorker pid=21554)[0m Using dataset class: RLHFDataset[32m [repeated 7x across cluster][0m
[36m(TaskRunner pid=18876)[0m step:2 - global_seqlen/min:48653 - global_seqlen/max:48653 - global_seqlen/minmax_diff:0 - global_seqlen/balanced_min:48653 - global_seqlen/balanced_max:48653 - global_seqlen/mean:48653.0 - actor/entropy:0.35836565494537354 - perf/mfu/actor_infer:0.0 - actor/pg_clipfrac:np.float64(0.0017569158808328211) - actor/ppo_kl:np.float64(5.144241390553361e-05) - actor/pg_clipfrac_lower:np.float64(0.0) - actor/pg_loss:np.float64(0.035392126883380115) - actor/loss:np.float64(0.03539212793111801) - actor/grad_norm:np.float64(0.08908754587173462) - actor/perf/max_memory_allocated_gb:np.float64(13.328056335449219) - actor/perf/max_memory_reserved_gb:np.float64(40.072265625) - actor/perf/cpu_memory_used_gb:np.float64(30.460391998291016) - actor/lr:np.float64(0.0001) - perf/mfu/actor:np.float64(0.0) - training/global_step:2 - training/epoch:0 - critic/score/mean:0.6015625 - critic/score/max:1.0 - critic/score/min:0.0 - critic/rewards/mean:0.6015625 - critic/rewards/max:1.0 - critic/rewards/min:0.0 - critic/advantages/mean:-0.03516779839992523 - critic/advantages/max:2.4748666286468506 - critic/advantages/min:-2.4748666286468506 - critic/returns/mean:-0.03516779839992523 - critic/returns/max:2.4748666286468506 - critic/returns/min:-2.4748666286468506 - response_length/mean:256.8515625 - response_length/max:512.0 - response_length/min:90.0 - response_length/clip_ratio:0.0625 - response_length_non_aborted/mean:256.8515625 - response_length_non_aborted/max:512.0 - response_length_non_aborted/min:90.0 - response_length_non_aborted/clip_ratio:0.0625 - response/aborted_ratio:0.0 - prompt_length/mean:123.25 - prompt_length/max:183.0 - prompt_length/min:87.0 - prompt_length/clip_ratio:0.0 - num_turns/min:np.int32(2) - num_turns/max:np.int32(2) - num_turns/mean:np.float64(2.0) - timing_s/start_profile:0.00011436800559749827 - timing_s/agent_loop/num_preempted/min:np.int64(-1) - timing_s/agent_loop/num_preempted/max:np.int64(-1) - timing_s/agent_loop/num_preempted/mean:np.float64(-1.0) - timing_s/agent_loop/generate_sequences/min:np.float64(4.253938264999306) - timing_s/agent_loop/generate_sequences/max:np.float64(30.183873095003946) - timing_s/agent_loop/generate_sequences/mean:np.float64(14.753833854586446) - timing_s/agent_loop/tool_calls/min:np.float64(0.0) - timing_s/agent_loop/tool_calls/max:np.float64(0.0) - timing_s/agent_loop/tool_calls/mean:np.float64(0.0) - timing_s/agent_loop/compute_score/min:np.float64(0.008060082996962592) - timing_s/agent_loop/compute_score/max:np.float64(0.26816812600009143) - timing_s/agent_loop/compute_score/mean:np.float64(0.03158581414015771) - timing_s/agent_loop/slowest/generate_sequences:np.float64(30.183873095003946) - timing_s/agent_loop/slowest/tool_calls:np.float64(0.0) - timing_s/agent_loop/slowest/compute_score:np.float64(0.011023429993656464) - timing_s/agent_loop/slowest/num_preempted:np.int64(-1) - timing_s/agent_loop/slowest/prompt_length:183 - timing_s/agent_loop/slowest/response_length:512 - timing_s/gen:31.9839774600041 - timing_s/reward:0.00012177199823781848 - timing_s/old_log_prob:431.0552244749997 - timing_s/adv:0.006434538001485635 - timing_s/update_actor:1046.9478600790026 - timing_s/update_weights:44.54098034499475 - timing_s/step:1554.627235345004 - timing_s/stop_profile:0.000598908998654224 - timing_per_token_ms/adv:0.00013225367400747406 - timing_per_token_ms/gen:0.9728374687472732 - timing_per_token_ms/update_actor:21.518670176124854 - perf/total_num_tokens:48653 - perf/time_per_step:1554.627235345004 - perf/throughput:31.29560507744668[36m(TaskRunner pid=18876)[0m Training Progress: 100%|██████████| 3/3 [2:50:06<00:00, 4028.57s/it]

[36m(TaskRunner pid=18876)[0m step:3 - global_seqlen/min:42779 - global_seqlen/max:42779 - global_seqlen/minmax_diff:0 - global_seqlen/balanced_min:42779 - global_seqlen/balanced_max:42779 - global_seqlen/mean:42779.0 - actor/entropy:0.329916775226593 - perf/mfu/actor_infer:0.0 - actor/pg_clipfrac:np.float64(0.001238719698449131) - actor/ppo_kl:np.float64(-0.0001678988296589523) - actor/pg_clipfrac_lower:np.float64(0.0) - actor/pg_loss:np.float64(0.014333997154608369) - actor/loss:np.float64(0.014333996921777725) - actor/grad_norm:np.float64(0.09673569723963737) - actor/perf/max_memory_allocated_gb:np.float64(13.328056335449219) - actor/perf/max_memory_reserved_gb:np.float64(40.072265625) - actor/perf/cpu_memory_used_gb:np.float64(30.102636337280273) - actor/lr:np.float64(0.0001) - perf/mfu/actor:np.float64(0.0) - training/global_step:3 - training/epoch:0 - critic/score/mean:0.6640625 - critic/score/max:1.0 - critic/score/min:0.0 - critic/rewards/mean:0.6640625 - critic/rewards/max:1.0 - critic/rewards/min:0.0 - critic/advantages/mean:-0.014085058122873306 - critic/advantages/max:2.4748666286468506 - critic/advantages/min:-2.4748666286468506 - critic/returns/mean:-0.014085058122873306 - critic/returns/max:2.4748666286468506 - critic/returns/min:-2.4748666286468506 - response_length/mean:222.8359375 - response_length/max:512.0 - response_length/min:74.0 - response_length/clip_ratio:0.0234375 - response_length_non_aborted/mean:222.8359375 - response_length_non_aborted/max:512.0 - response_length_non_aborted/min:74.0 - response_length_non_aborted/clip_ratio:0.0234375 - response/aborted_ratio:0.0 - prompt_length/mean:111.375 - prompt_length/max:154.0 - prompt_length/min:94.0 - prompt_length/clip_ratio:0.0 - num_turns/min:np.int32(2) - num_turns/max:np.int32(2) - num_turns/mean:np.float64(2.0) - timing_s/start_profile:0.0001029659979394637 - timing_s/agent_loop/num_preempted/min:np.int64(-1) - timing_s/agent_loop/num_preempted/max:np.int64(-1) - timing_s/agent_loop/num_preempted/mean:np.float64(-1.0) - timing_s/agent_loop/generate_sequences/min:np.float64(6.602182339003775) - timing_s/agent_loop/generate_sequences/max:np.float64(31.023734151996905) - timing_s/agent_loop/generate_sequences/mean:np.float64(16.193168264476867) - timing_s/agent_loop/tool_calls/min:np.float64(0.0) - timing_s/agent_loop/tool_calls/max:np.float64(0.0) - timing_s/agent_loop/tool_calls/mean:np.float64(0.0) - timing_s/agent_loop/compute_score/min:np.float64(0.009860254998784512) - timing_s/agent_loop/compute_score/max:np.float64(0.18923012600134825) - timing_s/agent_loop/compute_score/mean:np.float64(0.02915976219537697) - timing_s/agent_loop/slowest/generate_sequences:np.float64(31.023734151996905) - timing_s/agent_loop/slowest/tool_calls:np.float64(0.0) - timing_s/agent_loop/slowest/compute_score:np.float64(0.017342031002044678) - timing_s/agent_loop/slowest/num_preempted:np.int64(-1) - timing_s/agent_loop/slowest/prompt_length:124 - timing_s/agent_loop/slowest/response_length:512 - timing_s/gen:32.50422689800325 - timing_s/reward:0.00016366099589504302 - timing_s/old_log_prob:220.2233726839986 - timing_s/adv:0.00408181000238983 - timing_s/update_actor:6534.2866638210035 - timing_s/update_weights:64.90683079000155 - timing_s/step:6852.027866470002 - timing_s/stop_profile:0.001424456997483503 - timing_per_token_ms/adv:9.541620894340283e-05 - timing_per_token_ms/gen:1.1395795287313135 - timing_per_token_ms/update_actor:152.74519422662996 - perf/total_num_tokens:42779 - perf/time_per_step:6852.027866470002 - perf/throughput:6.243261240856381
[36m(TaskRunner pid=18876)[0m Training Progress: 100%|██████████| 3/3 [2:50:07<00:00, 3402.34s/it]
[36m(TaskRunner pid=18876)[0m Traceback (most recent call last):
[36m(TaskRunner pid=18876)[0m   File "/home/zcz/tools/venvs/rheo/lib/python3.12/site-packages/ray/_private/workers/default_worker.py", line 323, in <module>
[36m(TaskRunner pid=18876)[0m     worker.main_loop()
[36m(TaskRunner pid=18876)[0m   File "/home/zcz/tools/venvs/rheo/lib/python3.12/site-packages/ray/_private/worker.py", line 1066, in main_loop
[36m(TaskRunner pid=18876)[0m     self.core_worker.run_task_loop()
[36m(TaskRunner pid=18876)[0m   File "/home/zcz/tools/venvs/rheo/lib/python3.12/site-packages/torch/utils/data/_utils/signal_handling.py", line 73, in handler
[36m(TaskRunner pid=18876)[0m     _error_if_any_worker_fails()
[36m(TaskRunner pid=18876)[0m RuntimeError: DataLoader worker (pid 22777) is killed by signal: Killed. 
[36m(TaskRunner pid=18876)[0m 'Final validation metrics: None'
[with-lock] 命令结束（exit 0），锁 gpu 已释放。
